{"M": 35.98404732853156, "beta": [0.6362857887293235, 0.27667242935640124, 0.08704178191427536], "alpha": {"C": 0.04384971999199701, "1B": 0.056953775349038956, "2B": 0.029078127854748594, "3B": 0.03395481697810564, "SS": 0.03590219301221418, "LF": 0.03550827991483354, "CF": 0.03399770313815235, "RF": 0.04483284089966285, "DH": 0.03985908988462905}, "age_effects": {"C": {"19": 0.0, "20": 0.011823639900275367, "21": 0.014874821912743731, "22": 0.009313357425878174, "23": -0.0047009421718482245, "24": -0.02700826549196238, "25": -0.05744880114599121, "26": -0.09428209126621663, "27": -0.12944509206794047, "28": -0.15534262246412586, "29": -0.17257353807536188, "30": -0.18378520369914375, "31": -0.19122000738593456, "32": -0.19550043019806843, "33": -0.19684397645084722, "34": -0.19546815045957278, "35": -0.191590456539547, "36": -0.18542839900607178, "37": -0.17719948217444886, "38": -0.16712121035998012, "39": -0.1554110878779676, "40": -0.1422866190437129, "41": -0.12796530817251803, "42": -0.11266465957968486, "43": -0.09660217758051519, "44": -0.07999536649031092, "45": -0.06306173062437388}, "1B": {"19": 0.0, "20": 0.11544761531106097, "21": 0.13932599667675424, "22": 0.10076926918294213, "23": 0.02891155791548689, "24": -0.04711301203974915, "25": -0.09817031559690369, "26": -0.10588261876480899, "27": -0.09489775193107561, "28": -0.09412011146245698, "29": -0.10645479326349998, "30": -0.12830706812319972, "31": -0.15623409530268445, "32": -0.18740058795161532, "33": -0.21912314769178642, "34": -0.24871837614499193, "35": -0.2735028749330261, "36": -0.2907932456776831, "37": -0.2979060900007572, "38": -0.29215800952404225, "39": -0.270865605869333, "40": -0.23134548065842309, "41": -0.1709142355131071, "42": -0.08688847205517901, "43": 0.023415208093566942, "44": 0.16268020331133656, "45": 0.33358991197633564}, "2B": {"19": 0.0, "20": 0.08766281362051138, "21": 0.12054666071198822, "22": 0.11069049243846403, "23": 0.07013325996397227, "24": 0.010913914452546448, "25": -0.054928592931779874, "26": -0.11395520443650677, "27": -0.14712643595526848, "28": -0.14086072920476103, "29": -0.10900865554779407, "30": -0.07227881875870536, "31": -0.047539908665030224, "32": -0.03630095930709381, "33": -0.03623109077841884, "34": -0.04499942317252784, "35": -0.060275076582943524, "36": -0.07972717110318853, "37": -0.10102482682678546, "38": -0.12183716384725694, "39": -0.1398333022581257, "40": -0.15268236215291425, "41": -0.1580534636251453, "42": -0.15361572676834157, "43": -0.1370382716760255, "44": -0.10599021844171988, "45": -0.058140687158947296}, "3B": {"19": 0.0, "20": 0.18275154023253887, "21": 0.25314470739256784, "22": 0.23992715441937507, "23": 0.17184653425224872, "24": 0.07765049983047694, "25": -0.013913295906652037, "26": -0.0784779436462647, "27": -0.10919950858114616, "28": -0.10670647169178951, "29": -0.08399400260386188, "30": -0.05714894310432374, "31": -0.039268096468949125, "32": -0.0314881119287663, "33": -0.03195560020361706, "34": -0.03881717201334317, "35": -0.05021943807778644, "36": -0.06430900911678866, "37": -0.07923249585019164, "38": -0.09313650899783711, "39": -0.10416765927956696, "40": -0.11047255741522284, "41": -0.11019781412464667, "42": -0.1014900401276802, "43": -0.0824958461441652, "44": -0.05136184289394347, "45": -0.006234641096856818}, "SS": {"19": 0.0, "20": 0.08108159520874787, "21": 0.09116749685052335, "22": 0.05349018787380695, "23": -0.008717848772920696, "24": -0.07222413014117904, "25": -0.11379617328248748, "26": -0.12013927200784587, "27": -0.11770982716617548, "28": -0.1349232382387095, "29": -0.1682797921980073, "30": -0.20630099788945971, "31": -0.23943359088223423, "32": -0.26582521364060485, "33": -0.285548735352622, "34": -0.2986770252063362, "35": -0.3052829523897982, "36": -0.3054393860910584, "37": -0.2992191954981674, "38": -0.28669524979917566, "39": -0.26794041818213393, "40": -0.2430275698350925, "41": -0.21202957394610208, "42": -0.1750192997032132, "43": -0.1320696162944764, "44": -0.08325339290794218, "45": -0.02864349873166114}, "LF": {"19": 0.0, "20": 0.13327718979595685, "21": 0.18588248648465822, "22": 0.17657620506556324, "23": 0.12411866053813114, "24": 0.0472701679018212, "25": -0.03520895784390737, "26": -0.10370536693393251, "27": -0.13519357054048076, "28": -0.11473613909502034, "29": -0.06316001912863767, "30": -0.010233251197323741, "31": 0.01996839638524904, "32": 0.026138244274682407, "33": 0.01266188536889652, "34": -0.016075087434188284, "35": -0.05568708123665179, "36": -0.10178850314057379, "37": -0.149993760248034, "38": -0.19591725966111218, "39": -0.23517340848188817, "40": -0.2633766138124415, "41": -0.2761412827548521, "42": -0.26908182241119977, "43": -0.23781263988356416, "44": -0.177948142274025, "45": -0.08510273668466214}, "CF": {"19": 0.0, "20": 0.08698986178562154, "21": 0.09422246687731262, "22": 0.050199691761199074, "23": -0.01657658707659318, "24": -0.07760449314993823, "25": -0.1043821499727102, "26": -0.08056998498087767, "27": -0.038477641298786946, "28": -0.014030843367330048, "29": -0.008970425205203502, "30": -0.016490998225554956, "31": -0.030684830276765135, "32": -0.04923481494814709, "33": -0.0707215022642469, "34": -0.09372544224961063, "35": -0.11682718492878445, "36": -0.13860728032631447, "37": -0.15764627846674673, "38": -0.17252472937462732, "39": -0.1818231830745025, "40": -0.1841221895909181, "41": -0.17800229894842046, "42": -0.1620440611715556, "43": -0.1348280262848696, "44": -0.09493474431290856, "45": -0.04094476528021864}, "RF": {"19": 0.0, "20": 0.07493960720967491, "21": 0.08586648522243054, "22": 0.05354712570298349, "23": -0.0012519796839496739, "24": -0.05776433927365231, "25": -0.09522346140140783, "26": -0.10096490091056484, "27": -0.0947323986767327, "28": -0.09842414474266341, "29": -0.11014793978741917, "30": -0.12206398714913964, "31": -0.12780683395499984, "32": -0.12690840248831642, "33": -0.12037495882144127, "34": -0.10921276902672643, "35": -0.09442809917652385, "36": -0.07702721534318557, "37": -0.05801638359906352, "38": -0.038401870016509666, "39": -0.01918994066787605, "40": -0.0013868616255146152, "41": 0.014001101038222656, "42": 0.025967681250983782, "43": 0.03350661294041677, "44": 0.035611630034169645, "45": 0.03127646645989043}, "DH": {"19": 0.0, "20": -0.0006753076055936896, "21": -0.01999259100057333, "22": -0.04855197576822534, "23": -0.07695358749183612, "24": -0.09579755175469208, "25": -0.09568399414007964, "26": -0.07275157181923776, "27": -0.04529306831521545, "28": -0.032796333952528504, "29": -0.03737535990974971, "30": -0.056800672578966066, "31": -0.08878551152470575, "32": -0.13081396900126177, "33": -0.18031285043536818, "34": -0.23470896125375917, "35": -0.2914291068831689, "36": -0.3479000927503317, "37": -0.4015487242819814, "38": -0.44980180690485233, "39": -0.49008614604567874, "40": -0.5198285471311945, "41": -0.536455815588134, "42": -0.5373947568432315, "43": -0.5200721763232208, "44": -0.48191487945483613, "45": -0.4203496716648119}}}